{"cameraMode":{"drawMode":0,"name":"Shaded","section":"Shading Mode"},"sceneLighting":false,"audioPlay":false,"sceneViewState":{"showFog":true,"showMaterialUpdate":false,"showSkybox":false,"showFlares":true,"showImageEffects":true,"showParticleSystems":true,"showVisualEffectGraphs":true,"m_FxEnabled":true},"in2DMode":false,"pivot":{"x":0.10000000894069672,"y":1.7300000190734864,"z":27.684999465942384},"rotation":{"x":0.29486149549484255,"y":0.2918584942817688,"z":-0.09510372579097748,"w":0.9048982858657837},"size":1.0565153360366822,"orthographic":false}