{"cameraMode":{"drawMode":0,"name":"Shaded","section":"Shading Mode"},"sceneLighting":true,"audioPlay":false,"sceneViewState":{"showFog":true,"showMaterialUpdate":false,"showSkybox":true,"showFlares":true,"showImageEffects":true,"showParticleSystems":true,"showVisualEffectGraphs":true,"m_FxEnabled":true},"in2DMode":false,"pivot":{"x":623.4495849609375,"y":390.8407897949219,"z":-131.11611938476563},"rotation":{"x":0.14794570207595826,"y":0.011865267530083657,"z":-0.0017764806980267168,"w":0.9889261722564697},"size":218.90538024902345,"orthographic":false}