{"cameraMode":{"drawMode":0,"name":"Shaded","section":"Shading Mode"},"sceneLighting":true,"audioPlay":false,"sceneViewState":{"showFog":true,"showMaterialUpdate":false,"showSkybox":true,"showFlares":true,"showImageEffects":true,"showParticleSystems":true,"showVisualEffectGraphs":true,"m_FxEnabled":true},"in2DMode":false,"pivot":{"x":2.025456190109253,"y":-1.6594676971435547,"z":12.472003936767579},"rotation":{"x":0.17286844551563264,"y":-0.13837498426437379,"z":0.024538695812225343,"w":0.9748708605766296},"size":18.7149715423584,"orthographic":true}