{"cameraMode":{"drawMode":0,"name":"Shaded","section":"Shading Mode"},"sceneLighting":true,"audioPlay":false,"sceneViewState":{"showFog":true,"showMaterialUpdate":false,"showSkybox":true,"showFlares":true,"showImageEffects":true,"showParticleSystems":true,"showVisualEffectGraphs":true,"m_FxEnabled":true},"in2DMode":false,"pivot":{"x":-1.0495612621307374,"y":1.0964763164520264,"z":-0.7032157778739929},"rotation":{"x":-0.6527870297431946,"y":-0.008639365434646607,"z":0.007441507186740637,"w":-0.7574611902236939},"size":7.007289409637451,"orthographic":false}